{
  "name": "LoaderRedux",
  "version": "1.2.1",
  "title": "Loader Redux",
  "author": "Optera",
	"contact": "https://forums.factorio.com/memberlist.php?mode=viewprofile&u=21729",
  "homepage": "https://forums.factorio.com/viewtopic.php?f=97&t=48412",
  "description": "Adds Loaders. Rewritten add-loader with new loader snapping logic and graphics from Arch666Angel. Incompatible with Loader Snapping.",
	"factorio_version": "0.16",
	"dependencies": ["base >= 0.16.12", "?boblogistics >= 0.15.6"]
}