{
  "name": "boblocale",
  "version": "0.15.5",
  "factorio_version": "0.15",
  "title": "Bob's Locale Translations",
  "author": "Karosieben, Bobingabout",
  "contact": "karosieben.playsgames@gmail.com",
  "homepage": "http://www.factorioforums.com/forum/viewforum.php?f=51",
  "description": "Adds translations for Bob's mods, ShinyBob, CMHMods, Bob's Ore Presets and BobsFlowcontrol from the Community. Contributors: Bobingabout, Talon, Alexandehorst, Killwort, ChristianBeer, xganzx, sore68, scarsick, Sturmfalke,  somaplus, mrtska, bethouxa, Azertooth, Chicos123, Lorex, Cool-T, Dawider10, Wesdesignz, burunduk, dima-nixx, SperraDoz, davv, depoz0, IamIpanda, Ronkhar",
  "dependencies": ["base >= 0.15.0", "boblibrary >= 0.15.0", "? ShinyBob >= 0.15.0", "? bobsflowcontrol >= 0.15.1", "? bobmods_gfxtweak >= 0.15.1", "? CMHMod >= 0.15.2", "? CMHModBobEndGame >= 0.15.2", "? preset-for-bobs-ores >= 0.15.0"]
}
