{
  "name": "HandyHands",
  "version": "1.5.1",
  "title": "HandyHands - Automatic handcrafting",
  "author": "Qon",
  "contact": "https://forums.factorio.com/memberlist.php?mode=viewprofile&u=16047",
  "homepage": "https://forums.factorio.com/viewtopic.php?f=92&t=30529",
  "factorio_version":"0.16",
  "description": "Automatically start handcrafting an item that is quickbar filtered that you don't have enough of whenever your crafting queue is empty. Prioritises items in your cursor. Change settings with hotkeys. Don't forget to automate production of everything!"
}